{
	"_via_settings": {
		"ui": {
			"annotation_editor_height": 25,
			"annotation_editor_fontsize": 0.8,
			"leftsidebar_width": 18,
			"image_grid": {
				"img_height": 80,
				"rshape_fill": "none",
				"rshape_fill_opacity": 0.3,
				"rshape_stroke": "yellow",
				"rshape_stroke_width": 2,
				"show_region_shape": true,
				"show_image_policy": "all"
			},
			"image": {
				"region_label": "__via_region_id__",
				"region_color": "__via_default_region_color__",
				"region_label_font": "10px Sans",
				"on_image_annotation_editor_placement": "NEAR_REGION"
			}
		},
		"core": {
			"buffer_size": 18,
			"filepath": {

			},
			"default_filepath": ""
		},
		"project": {
			"name": "fib"
		}
	},
	"_via_img_metadata": {
		"1.jpg273624": {
			"filename": "1.jpg",
			"size": 273624,
			"regions": [{
					"shape_attributes": {
						"name": "ellipse",
						"cx": 275,
						"cy": 62,
						"rx": 11.333,
						"ry": 29.333,
						"theta": 0
					},
					"region_attributes": {
						"shapes": "fibril"
					}
				},
				{
					"shape_attributes": {
						"name": "ellipse",
						"cx": 29,
						"cy": 376,
						"rx": 11.353,
						"ry": 42,
						"theta": -0.059
					},
					"region_attributes": {
						"shapes": "fibril"
					}
				},
				{
					"shape_attributes": {
						"name": "ellipse",
						"cx": 21,
						"cy": 88,
						"rx": 9.333,
						"ry": 21.797,
						"theta": -1.98
					},
					"region_attributes": {
						"shapes": "fibril"
					}
				},
				{
					"shape_attributes": {
						"name": "ellipse",
						"cx": 275,
						"cy": 62,
						"rx": 11.333,
						"ry": 29.333,
						"theta": 0
					},
					"region_attributes": {
						"shapes": "fibril"
					}
				},
				{
					"shape_attributes": {
						"name": "ellipse",
						"cx": 29,
						"cy": 376,
						"rx": 11.353,
						"ry": 42,
						"theta": -0.059
					},
					"region_attributes": {
						"shapes": "fibril"
					}
				},
				{
					"shape_attributes": {
						"name": "ellipse",
						"cx": 493,
						"cy": 162,
						"rx": 9,
						"ry": 35.784,
						"theta": -1.302
					},
					"region_attributes": {
						"shapes": "fibril"
					}
				},
				{
					"shape_attributes": {
						"name": "ellipse",
						"cx": 232,
						"cy": 180,
						"rx": 9.333,
						"ry": 28.48,
						"theta": -2.573
					},
					"region_attributes": {
						"shapes": "fibril"
					}
				},
				{
					"shape_attributes": {
						"name": "ellipse",
						"cx": 203,
						"cy": 250,
						"rx": 9,
						"ry": 35,
						"theta": 0
					},
					"region_attributes": {
						"shapes": "fibril"
					}
				},
				{
					"shape_attributes": {
						"name": "ellipse",
						"cx": 482,
						"cy": 113,
						"rx": 9.849,
						"ry": 23.5,
						"theta": -0.418
					},
					"region_attributes": {
						"shapes": "fibril"
					}
				},
				{
					"shape_attributes": {
						"name": "circle",
						"cx": 478,
						"cy": 441,
						"r": 17.889
					},
					"region_attributes": {
						"shapes": "disc"
					}
				},
				{
					"shape_attributes": {
						"name": "circle",
						"cx": 498,
						"cy": 468,
						"r": 18.821
					},
					"region_attributes": {
						"shapes": "disc"
					}
				},
				{
					"shape_attributes": {
						"name": "circle",
						"cx": 473,
						"cy": 492,
						"r": 22
					},
					"region_attributes": {
						"shapes": "disc"
					}
				},
				{
					"shape_attributes": {
						"name": "ellipse",
						"cx": 296,
						"cy": 313,
						"rx": 14.667,
						"ry": 54.768,
						"theta": 0.551
					},
					"region_attributes": {
						"shapes": "fibril"
					}
				},
				{
					"shape_attributes": {
						"name": "ellipse",
						"cx": 296,
						"cy": 115,
						"rx": 11.662,
						"ry": 38.667,
						"theta": 2.601
					},
					"region_attributes": {
						"shapes": "fibril"
					}
				},
				{
					"shape_attributes": {
						"name": "ellipse",
						"cx": 331,
						"cy": 182,
						"rx": 12.667,
						"ry": 31.17,
						"theta": -2.417
					},
					"region_attributes": {
						"shapes": "fibril"
					}
				},
				{
					"shape_attributes": {
						"name": "circle",
						"cx": 306,
						"cy": 197,
						"r": 14.802
					},
					"region_attributes": {
						"shapes": "disc"
					}
				},
				{
					"shape_attributes": {
						"name": "circle",
						"cx": 266,
						"cy": 387,
						"r": 14.142
					},
					"region_attributes": {
						"shapes": "disc"
					}
				},
				{
					"shape_attributes": {
						"name": "ellipse",
						"cx": 340,
						"cy": 48,
						"rx": 10,
						"ry": 26.238,
						"theta": -1.096
					},
					"region_attributes": {
						"shapes": "fibril"
					}
				},
				{
					"shape_attributes": {
						"name": "ellipse",
						"cx": 169,
						"cy": 469,
						"rx": 11.035,
						"ry": 37.333,
						"theta": 2.007
					},
					"region_attributes": {
						"shapes": "fibril"
					}
				},
				{
					"shape_attributes": {
						"name": "ellipse",
						"cx": 310,
						"cy": 428,
						"rx": 9.357,
						"ry": 30,
						"theta": -0.071
					},
					"region_attributes": {
						"shapes": "fibril"
					}
				},
				{
					"shape_attributes": {
						"name": "circle",
						"cx": 333,
						"cy": 390,
						"r": 16
					},
					"region_attributes": {
						"shapes": "disc"
					}
				},
				{
					"shape_attributes": {
						"name": "circle",
						"cx": 72,
						"cy": 200,
						"r": 19.516
					},
					"region_attributes": {
						"shapes": "disc"
					}
				},
				{
					"shape_attributes": {
						"name": "circle",
						"cx": 117,
						"cy": 194,
						"r": 20
					},
					"region_attributes": {
						"shapes": "disc"
					}
				},
				{
					"shape_attributes": {
						"name": "ellipse",
						"cx": 22,
						"cy": 442,
						"rx": 28,
						"ry": 13.333,
						"theta": -0.644
					},
					"region_attributes": {
						"shapes": "fibril"
					}
				},
				{
					"shape_attributes": {
						"name": "circle",
						"cx": 246,
						"cy": 451,
						"r": 24
					},
					"region_attributes": {
						"shapes": "disc"
					}
				},
				{
					"shape_attributes": {
						"name": "ellipse",
						"cx": 218,
						"cy": 372,
						"rx": 33.632,
						"ry": 8.667,
						"theta": -2.454
					},
					"region_attributes": {
						"shapes": "fibril"
					}
				},
				{
					"shape_attributes": {
						"name": "circle",
						"cx": 208,
						"cy": 115,
						"r": 25.647
					},
					"region_attributes": {
						"shapes": "disc"
					}
				},
				{
					"shape_attributes": {
						"name": "ellipse",
						"cx": 151,
						"cy": 118,
						"rx": 28.135,
						"ry": 8,
						"theta": 0.239
					},
					"region_attributes": {
						"shapes": "fibril"
					}
				},
				{
					"shape_attributes": {
						"name": "ellipse",
						"cx": 415,
						"cy": 152,
						"rx": 9.333,
						"ry": 36.472,
						"theta": -2.604
					},
					"region_attributes": {
						"shapes": "fibril"
					}
				},
				{
					"shape_attributes": {
						"name": "circle",
						"cx": 373,
						"cy": 116,
						"r": 21.375
					},
					"region_attributes": {
						"shapes": "disc"
					}
				},
				{
					"shape_attributes": {
						"name": "circle",
						"cx": 439,
						"cy": 389,
						"r": 23
					},
					"region_attributes": {
						"shapes": "disc"
					}
				},
				{
					"shape_attributes": {
						"name": "ellipse",
						"cx": 22,
						"cy": 301,
						"rx": 25.201,
						"ry": 9.333,
						"theta": -2.488
					},
					"region_attributes": {
						"shapes": "fibril"
					}
				},
				{
					"shape_attributes": {
						"name": "ellipse",
						"cx": 294,
						"cy": 485,
						"rx": 15.085,
						"ry": 29.333,
						"theta": -2.356
					},
					"region_attributes": {
						"shapes": "fibril"
					}
				},
				{
					"shape_attributes": {
						"name": "circle",
						"cx": 456,
						"cy": 293,
						"r": 21
					},
					"region_attributes": {
						"shapes": "disc"
					}
				},
				{
					"shape_attributes": {
						"name": "circle",
						"cx": 70,
						"cy": 92,
						"r": 19
					},
					"region_attributes": {
						"shapes": "disc"
					}
				},
				{
					"shape_attributes": {
						"name": "circle",
						"cx": 404,
						"cy": 271,
						"r": 25
					},
					"region_attributes": {
						"shapes": "disc"
					}
				},
				{
					"shape_attributes": {
						"name": "circle",
						"cx": 137,
						"cy": 294,
						"r": 41
					},
					"region_attributes": {
						"shapes": "disc"
					}
				},
				{
					"shape_attributes": {
						"name": "circle",
						"cx": 356,
						"cy": 347,
						"r": 22
					},
					"region_attributes": {
						"shapes": "disc"
					}
				},
				{
					"shape_attributes": {
						"name": "circle",
						"cx": 411,
						"cy": 448,
						"r": 29
					},
					"region_attributes": {
						"shapes": "disc"
					}
				}
			],
			"file_attributes": {

			}
		},
		"4.jpg284893": {
			"filename": "4.jpg",
			"size": 284893,
			"regions": [{
					"shape_attributes": {
						"name": "circle",
						"cx": 76,
						"cy": 319,
						"r": 30
					},
					"region_attributes": {
						"shapes": "disc"
					}
				},
				{
					"shape_attributes": {
						"name": "circle",
						"cx": 398,
						"cy": 331,
						"r": 32
					},
					"region_attributes": {
						"shapes": "disc"
					}
				},
				{
					"shape_attributes": {
						"name": "circle",
						"cx": 470,
						"cy": 451,
						"r": 27
					},
					"region_attributes": {
						"shapes": "disc"
					}
				},
				{
					"shape_attributes": {
						"name": "circle",
						"cx": 137,
						"cy": 402,
						"r": 27
					},
					"region_attributes": {
						"shapes": "disc"
					}
				},
				{
					"shape_attributes": {
						"name": "circle",
						"cx": 93,
						"cy": 409,
						"r": 29
					},
					"region_attributes": {
						"shapes": "disc"
					}
				},
				{
					"shape_attributes": {
						"name": "circle",
						"cx": 298,
						"cy": 331,
						"r": 31
					},
					"region_attributes": {
						"shapes": "disc"
					}
				},
				{
					"shape_attributes": {
						"name": "ellipse",
						"cx": 100,
						"cy": 62,
						"rx": 17,
						"ry": 40.46,
						"theta": 0.698
					},
					"region_attributes": {
						"shapes": "fibril"
					}
				},
				{
					"shape_attributes": {
						"name": "ellipse",
						"cx": 360,
						"cy": 87,
						"rx": 30.871,
						"ry": 12,
						"theta": -1.136
					},
					"region_attributes": {
						"shapes": "fibril"
					}
				},
				{
					"shape_attributes": {
						"name": "ellipse",
						"cx": 296,
						"cy": 112,
						"rx": 14,
						"ry": 33.242,
						"theta": 2.377
					},
					"region_attributes": {
						"shapes": "fibril"
					}
				},
				{
					"shape_attributes": {
						"name": "ellipse",
						"cx": 346,
						"cy": 273,
						"rx": 10,
						"ry": 43,
						"theta": 0
					},
					"region_attributes": {
						"shapes": "fibril"
					}
				},
				{
					"shape_attributes": {
						"name": "ellipse",
						"cx": 296,
						"cy": 221,
						"rx": 14,
						"ry": 39.205,
						"theta": 0.659
					},
					"region_attributes": {
						"shapes": "fibril"
					}
				},
				{
					"shape_attributes": {
						"name": "ellipse",
						"cx": 118,
						"cy": 228,
						"rx": 49,
						"ry": 16,
						"theta": 0
					},
					"region_attributes": {
						"shapes": "fibril"
					}
				},
				{
					"shape_attributes": {
						"name": "ellipse",
						"cx": 68,
						"cy": 154,
						"rx": 11,
						"ry": 41,
						"theta": 0
					},
					"region_attributes": {
						"shapes": "fibril"
					}
				},
				{
					"shape_attributes": {
						"name": "circle",
						"cx": 246,
						"cy": 19,
						"r": 24
					},
					"region_attributes": {
						"shapes": "disc"
					}
				},
				{
					"shape_attributes": {
						"name": "circle",
						"cx": 211,
						"cy": 121,
						"r": 22
					},
					"region_attributes": {
						"shapes": "disc"
					}
				},
				{
					"shape_attributes": {
						"name": "circle",
						"cx": 418,
						"cy": 15,
						"r": 20
					},
					"region_attributes": {
						"shapes": "disc"
					}
				},
				{
					"shape_attributes": {
						"name": "ellipse",
						"cx": 27,
						"cy": 274,
						"rx": 16,
						"ry": 38.833,
						"theta": -0.969
					},
					"region_attributes": {
						"shapes": "fibril"
					}
				},
				{
					"shape_attributes": {
						"name": "ellipse",
						"cx": 20,
						"cy": 321,
						"rx": 15,
						"ry": 33.615,
						"theta": -0.53
					},
					"region_attributes": {
						"shapes": "fibril"
					}
				},
				{
					"shape_attributes": {
						"name": "ellipse",
						"cx": 57,
						"cy": 472,
						"rx": 31,
						"ry": 12.806,
						"theta": -0.896
					},
					"region_attributes": {
						"shapes": "fibril"
					}
				},
				{
					"shape_attributes": {
						"name": "ellipse",
						"cx": 165,
						"cy": 46,
						"rx": 9,
						"ry": 28,
						"theta": 0
					},
					"region_attributes": {
						"shapes": "fibril"
					}
				},
				{
					"shape_attributes": {
						"name": "circle",
						"cx": 190,
						"cy": 21,
						"r": 18
					},
					"region_attributes": {
						"shapes": "disc"
					}
				},
				{
					"shape_attributes": {
						"name": "circle",
						"cx": 157,
						"cy": 127,
						"r": 30
					},
					"region_attributes": {
						"shapes": "disc"
					}
				},
				{
					"shape_attributes": {
						"name": "ellipse",
						"cx": 477,
						"cy": 84,
						"rx": 33,
						"ry": 24.187,
						"theta": 3.017
					},
					"region_attributes": {
						"shapes": "fibril"
					}
				},
				{
					"shape_attributes": {
						"name": "ellipse",
						"cx": 170,
						"cy": 288,
						"rx": 16,
						"ry": 38.184,
						"theta": 0.785
					},
					"region_attributes": {
						"shapes": "fibril"
					}
				},
				{
					"shape_attributes": {
						"name": "circle",
						"cx": 492,
						"cy": 186,
						"r": 24
					},
					"region_attributes": {
						"shapes": "disc"
					}
				},
				{
					"shape_attributes": {
						"name": "ellipse",
						"cx": 224,
						"cy": 218,
						"rx": 30,
						"ry": 38,
						"theta": 0
					},
					"region_attributes": {
						"shapes": "fibril"
					}
				},
				{
					"shape_attributes": {
						"name": "circle",
						"cx": 462,
						"cy": 308,
						"r": 21
					},
					"region_attributes": {
						"shapes": "disc"
					}
				},
				{
					"shape_attributes": {
						"name": "ellipse",
						"cx": 140,
						"cy": 497,
						"rx": 12,
						"ry": 25.807,
						"theta": 0.62
					},
					"region_attributes": {
						"shapes": "fibril"
					}
				},
				{
					"shape_attributes": {
						"name": "ellipse",
						"cx": 204,
						"cy": 464,
						"rx": 50,
						"ry": 17.263,
						"theta": 0.175
					},
					"region_attributes": {
						"shapes": "fibril"
					}
				},
				{
					"shape_attributes": {
						"name": "circle",
						"cx": 182,
						"cy": 370,
						"r": 25
					},
					"region_attributes": {
						"shapes": "disc"
					}
				},
				{
					"shape_attributes": {
						"name": "ellipse",
						"cx": 320,
						"cy": 411,
						"rx": 11,
						"ry": 36.069,
						"theta": 0.766
					},
					"region_attributes": {
						"shapes": "fibril"
					}
				},
				{
					"shape_attributes": {
						"name": "ellipse",
						"cx": 410,
						"cy": 399,
						"rx": 43.829,
						"ry": 15,
						"theta": 2.535
					},
					"region_attributes": {
						"shapes": "fibril"
					}
				},
				{
					"shape_attributes": {
						"name": "circle",
						"cx": 270,
						"cy": 434,
						"r": 26
					},
					"region_attributes": {
						"shapes": "disc"
					}
				},
				{
					"shape_attributes": {
						"name": "ellipse",
						"cx": 222,
						"cy": 331,
						"rx": 14,
						"ry": 48.836,
						"theta": 0.829
					},
					"region_attributes": {
						"shapes": "fibril"
					}
				},
				{
					"shape_attributes": {
						"name": "circle",
						"cx": 406,
						"cy": 239,
						"r": 35
					},
					"region_attributes": {
						"shapes": "disc"
					}
				},
				{
					"shape_attributes": {
						"name": "circle",
						"cx": 10,
						"cy": 47,
						"r": 24
					},
					"region_attributes": {
						"shapes": "disc"
					}
				},
				{
					"shape_attributes": {
						"name": "circle",
						"cx": 130,
						"cy": 340,
						"r": 25
					},
					"region_attributes": {
						"shapes": "disc"
					}
				},
				{
					"shape_attributes": {
						"name": "ellipse",
						"cx": 317,
						"cy": 488,
						"rx": 10,
						"ry": 29.069,
						"theta": -0.712
					},
					"region_attributes": {
						"shapes": "fibril"
					}
				}
			],
			"file_attributes": {

			}
		},
		"7.jpg281827": {
			"filename": "7.jpg",
			"size": 281827,
			"regions": [{
					"shape_attributes": {
						"name": "ellipse",
						"cx": 275,
						"cy": 382,
						"rx": 41.773,
						"ry": 15,
						"theta": 2.407
					},
					"region_attributes": {
						"shapes": "fibril"
					}
				},
				{
					"shape_attributes": {
						"name": "ellipse",
						"cx": 402,
						"cy": 409,
						"rx": 14,
						"ry": 53.759,
						"theta": -0.759
					},
					"region_attributes": {
						"shapes": "fibril"
					}
				},
				{
					"shape_attributes": {
						"name": "circle",
						"cx": 360,
						"cy": 313,
						"r": 25
					},
					"region_attributes": {
						"shapes": "disc"
					}
				},
				{
					"shape_attributes": {
						"name": "ellipse",
						"cx": 162,
						"cy": 458,
						"rx": 39,
						"ry": 15.652,
						"theta": 2.034
					},
					"region_attributes": {
						"shapes": "fibril"
					}
				},
				{
					"shape_attributes": {
						"name": "ellipse",
						"cx": 144,
						"cy": 249,
						"rx": 36.401,
						"ry": 16,
						"theta": -0.922
					},
					"region_attributes": {
						"shapes": "fibril"
					}
				},
				{
					"shape_attributes": {
						"name": "ellipse",
						"cx": 70,
						"cy": 449,
						"rx": 11.402,
						"ry": 33,
						"theta": -2.875
					},
					"region_attributes": {
						"shapes": "fibril"
					}
				},
				{
					"shape_attributes": {
						"name": "circle",
						"cx": 264,
						"cy": 98,
						"r": 24
					},
					"region_attributes": {
						"shapes": "disc"
					}
				},
				{
					"shape_attributes": {
						"name": "ellipse",
						"cx": 463,
						"cy": 54,
						"rx": 12,
						"ry": 44.045,
						"theta": -3.096
					},
					"region_attributes": {
						"shapes": "fibril"
					}
				},
				{
					"shape_attributes": {
						"name": "ellipse",
						"cx": 421,
						"cy": 223,
						"rx": 19.209,
						"ry": 28,
						"theta": -2.467
					},
					"region_attributes": {
						"shapes": "fibril"
					}
				},
				{
					"shape_attributes": {
						"name": "ellipse",
						"cx": 180,
						"cy": 52,
						"rx": 16,
						"ry": 40.608,
						"theta": -0.663
					},
					"region_attributes": {
						"shapes": "fibril"
					}
				},
				{
					"shape_attributes": {
						"name": "circle",
						"cx": 253,
						"cy": 164,
						"r": 21
					},
					"region_attributes": {
						"shapes": "disc"
					}
				},
				{
					"shape_attributes": {
						"name": "ellipse",
						"cx": 378,
						"cy": 80,
						"rx": 12,
						"ry": 48,
						"theta": 0
					},
					"region_attributes": {
						"shapes": "fibril"
					}
				},
				{
					"shape_attributes": {
						"name": "circle",
						"cx": 202,
						"cy": 110,
						"r": 25
					},
					"region_attributes": {
						"shapes": "disc"
					}
				},
				{
					"shape_attributes": {
						"name": "circle",
						"cx": 184,
						"cy": 163,
						"r": 27.659
					},
					"region_attributes": {
						"shapes": "disc"
					}
				},
				{
					"shape_attributes": {
						"name": "circle",
						"cx": 73,
						"cy": 161,
						"r": 25
					},
					"region_attributes": {
						"shapes": "disc"
					}
				},
				{
					"shape_attributes": {
						"name": "ellipse",
						"cx": 25,
						"cy": 200,
						"rx": 18,
						"ry": 54.342,
						"theta": -0.223
					},
					"region_attributes": {
						"shapes": "fibril"
					}
				},
				{
					"shape_attributes": {
						"name": "circle",
						"cx": 454,
						"cy": 125,
						"r": 29
					},
					"region_attributes": {
						"shapes": "disc"
					}
				},
				{
					"shape_attributes": {
						"name": "ellipse",
						"cx": 88,
						"cy": 310,
						"rx": 23,
						"ry": 34.015,
						"theta": 0.424
					},
					"region_attributes": {
						"shapes": "disc"
					}
				},
				{
					"shape_attributes": {
						"name": "ellipse",
						"cx": 354,
						"cy": 212,
						"rx": 12,
						"ry": 28,
						"theta": 0
					},
					"region_attributes": {
						"shapes": "fibril"
					}
				},
				{
					"shape_attributes": {
						"name": "ellipse",
						"cx": 391,
						"cy": 263,
						"rx": 12,
						"ry": 33.302,
						"theta": 2.292
					},
					"region_attributes": {
						"shapes": "fibril"
					}
				},
				{
					"shape_attributes": {
						"name": "circle",
						"cx": 303,
						"cy": 137,
						"r": 22
					},
					"region_attributes": {
						"shapes": "disc"
					}
				},
				{
					"shape_attributes": {
						"name": "circle",
						"cx": 168,
						"cy": 207,
						"r": 21
					},
					"region_attributes": {
						"shapes": "disc"
					}
				},
				{
					"shape_attributes": {
						"name": "ellipse",
						"cx": 493,
						"cy": 246,
						"rx": 10,
						"ry": 38.897,
						"theta": -0.314
					},
					"region_attributes": {
						"shapes": "fibril"
					}
				},
				{
					"shape_attributes": {
						"name": "ellipse",
						"cx": 159,
						"cy": 356,
						"rx": 12,
						"ry": 42,
						"theta": 0
					},
					"region_attributes": {
						"shapes": "fibril"
					}
				},
				{
					"shape_attributes": {
						"name": "circle",
						"cx": 123,
						"cy": 411,
						"r": 29
					},
					"region_attributes": {
						"shapes": "disc"
					}
				},
				{
					"shape_attributes": {
						"name": "circle",
						"cx": 383,
						"cy": 24,
						"r": 26
					},
					"region_attributes": {
						"shapes": "disc"
					}
				},
				{
					"shape_attributes": {
						"name": "ellipse",
						"cx": 491,
						"cy": 455,
						"rx": 17,
						"ry": 38.275,
						"theta": 0.347
					},
					"region_attributes": {
						"shapes": "fibril"
					}
				},
				{
					"shape_attributes": {
						"name": "circle",
						"cx": 79,
						"cy": 64,
						"r": 27
					},
					"region_attributes": {
						"shapes": "disc"
					}
				},
				{
					"shape_attributes": {
						"name": "circle",
						"cx": 18,
						"cy": 386,
						"r": 18
					},
					"region_attributes": {
						"shapes": "disc"
					}
				},
				{
					"shape_attributes": {
						"name": "circle",
						"cx": 94,
						"cy": 368,
						"r": 24
					},
					"region_attributes": {
						"shapes": "disc"
					}
				}
			],
			"file_attributes": {

			}
		},
		"10.jpg284714": {
			"filename": "10.jpg",
			"size": 284714,
			"regions": [{
					"shape_attributes": {
						"name": "ellipse",
						"cx": 264,
						"cy": 247,
						"rx": 19.209,
						"ry": 49,
						"theta": 0.896
					},
					"region_attributes": {
						"shapes": "fibril"
					}
				},
				{
					"shape_attributes": {
						"name": "circle",
						"cx": 187,
						"cy": 296,
						"r": 39
					},
					"region_attributes": {
						"shapes": "disc"
					}
				},
				{
					"shape_attributes": {
						"name": "ellipse",
						"cx": 270,
						"cy": 336,
						"rx": 15.232,
						"ry": 48,
						"theta": 2.737
					},
					"region_attributes": {
						"shapes": "fibril"
					}
				},
				{
					"shape_attributes": {
						"name": "ellipse",
						"cx": 64,
						"cy": 426,
						"rx": 16,
						"ry": 48.765,
						"theta": 0.491
					},
					"region_attributes": {
						"shapes": "fibril"
					}
				},
				{
					"shape_attributes": {
						"name": "ellipse",
						"cx": 212,
						"cy": 104,
						"rx": 13,
						"ry": 30.463,
						"theta": -2.737
					},
					"region_attributes": {
						"shapes": "fibril"
					}
				},
				{
					"shape_attributes": {
						"name": "ellipse",
						"cx": 270,
						"cy": 421,
						"rx": 14,
						"ry": 49.041,
						"theta": -0.29
					},
					"region_attributes": {
						"shapes": "fibril"
					}
				},
				{
					"shape_attributes": {
						"name": "ellipse",
						"cx": 443,
						"cy": 61,
						"rx": 42,
						"ry": 17.804,
						"theta": -0.666
					},
					"region_attributes": {
						"shapes": "fibril"
					}
				},
				{
					"shape_attributes": {
						"name": "ellipse",
						"cx": 65,
						"cy": 229,
						"rx": 17.029,
						"ry": 41,
						"theta": -0.059
					},
					"region_attributes": {
						"shapes": "fibril"
					}
				},
				{
					"shape_attributes": {
						"name": "circle",
						"cx": 13,
						"cy": 202,
						"r": 24
					},
					"region_attributes": {
						"shapes": "disc"
					}
				},
				{
					"shape_attributes": {
						"name": "ellipse",
						"cx": 457,
						"cy": 331,
						"rx": 14.318,
						"ry": 47,
						"theta": 2.709
					},
					"region_attributes": {
						"shapes": "fibril"
					}
				},
				{
					"shape_attributes": {
						"name": "circle",
						"cx": 384,
						"cy": 40,
						"r": 22.472
					},
					"region_attributes": {
						"shapes": "disc"
					}
				},
				{
					"shape_attributes": {
						"name": "ellipse",
						"cx": 179,
						"cy": 398,
						"rx": 12,
						"ry": 37,
						"theta": 0
					},
					"region_attributes": {
						"shapes": "fibril"
					}
				},
				{
					"shape_attributes": {
						"name": "ellipse",
						"cx": 97,
						"cy": 315,
						"rx": 12,
						"ry": 34,
						"theta": 0
					},
					"region_attributes": {
						"shapes": "fibril"
					}
				},
				{
					"shape_attributes": {
						"name": "ellipse",
						"cx": 247,
						"cy": 187,
						"rx": 13.416,
						"ry": 43,
						"theta": 2.034
					},
					"region_attributes": {
						"shapes": "fibril"
					}
				},
				{
					"shape_attributes": {
						"name": "ellipse",
						"cx": 257,
						"cy": 65,
						"rx": 14,
						"ry": 42.45,
						"theta": -0.752
					},
					"region_attributes": {
						"shapes": "fibril"
					}
				},
				{
					"shape_attributes": {
						"name": "ellipse",
						"cx": 134,
						"cy": 151,
						"rx": 15,
						"ry": 31.241,
						"theta": 2.447
					},
					"region_attributes": {
						"shapes": "fibril"
					}
				},
				{
					"shape_attributes": {
						"name": "ellipse",
						"cx": 93,
						"cy": 82,
						"rx": 14,
						"ry": 48.27,
						"theta": -2.268
					},
					"region_attributes": {
						"shapes": "fibril"
					}
				},
				{
					"shape_attributes": {
						"name": "circle",
						"cx": 163,
						"cy": 220,
						"r": 37
					},
					"region_attributes": {
						"shapes": "disc"
					}
				},
				{
					"shape_attributes": {
						"name": "ellipse",
						"cx": 485,
						"cy": 256,
						"rx": 12,
						"ry": 34,
						"theta": 2.652
					},
					"region_attributes": {
						"shapes": "fibril"
					}
				},
				{
					"shape_attributes": {
						"name": "ellipse",
						"cx": 489,
						"cy": 102,
						"rx": 16,
						"ry": 48.466,
						"theta": 0.381
					},
					"region_attributes": {
						"shapes": "fibril"
					}
				},
				{
					"shape_attributes": {
						"name": "ellipse",
						"cx": 300,
						"cy": 23,
						"rx": 21,
						"ry": 54.037,
						"theta": -0.681
					},
					"region_attributes": {
						"shapes": "fibril"
					}
				},
				{
					"shape_attributes": {
						"name": "ellipse",
						"cx": 349,
						"cy": 117,
						"rx": 14,
						"ry": 47.508,
						"theta": 0.711
					},
					"region_attributes": {
						"shapes": "fibril"
					}
				},
				{
					"shape_attributes": {
						"name": "ellipse",
						"cx": 363,
						"cy": 481,
						"rx": 13,
						"ry": 43.863,
						"theta": 2.324
					},
					"region_attributes": {
						"shapes": "fibril"
					}
				},
				{
					"shape_attributes": {
						"name": "circle",
						"cx": 43,
						"cy": 55,
						"r": 34
					},
					"region_attributes": {
						"shapes": "disc"
					}
				},
				{
					"shape_attributes": {
						"name": "circle",
						"cx": 74,
						"cy": 139,
						"r": 40
					},
					"region_attributes": {
						"shapes": "disc"
					}
				},
				{
					"shape_attributes": {
						"name": "circle",
						"cx": 17,
						"cy": 136,
						"r": 27
					},
					"region_attributes": {
						"shapes": "disc"
					}
				},
				{
					"shape_attributes": {
						"name": "circle",
						"cx": 480,
						"cy": 460,
						"r": 26
					},
					"region_attributes": {
						"shapes": "disc"
					}
				},
				{
					"shape_attributes": {
						"name": "circle",
						"cx": 426,
						"cy": 460,
						"r": 35
					},
					"region_attributes": {
						"shapes": "disc"
					}
				},
				{
					"shape_attributes": {
						"name": "ellipse",
						"cx": 59,
						"cy": 482,
						"rx": 17.088,
						"ry": 31,
						"theta": -0.359
					},
					"region_attributes": {
						"shapes": "fibril"
					}
				},
				{
					"shape_attributes": {
						"name": "circle",
						"cx": 40,
						"cy": 306,
						"r": 47
					},
					"region_attributes": {
						"shapes": "disc"
					}
				},
				{
					"shape_attributes": {
						"name": "ellipse",
						"cx": 349,
						"cy": 424,
						"rx": 18,
						"ry": 49.82,
						"theta": -2.242
					},
					"region_attributes": {
						"shapes": "fibril"
					}
				},
				{
					"shape_attributes": {
						"name": "circle",
						"cx": 400,
						"cy": 368,
						"r": 39
					},
					"region_attributes": {
						"shapes": "disc"
					}
				},
				{
					"shape_attributes": {
						"name": "circle",
						"cx": 340,
						"cy": 277,
						"r": 48
					},
					"region_attributes": {
						"shapes": "disc"
					}
				}
			],
			"file_attributes": {

			}
		},
		"13.jpg290241": {
			"filename": "13.jpg",
			"size": 290241,
			"regions": [{
					"shape_attributes": {
						"name": "ellipse",
						"cx": 266,
						"cy": 209,
						"rx": 17,
						"ry": 35.384,
						"theta": -0.745
					},
					"region_attributes": {
						"shapes": "fibril"
					}
				},
				{
					"shape_attributes": {
						"name": "circle",
						"cx": 470,
						"cy": 333,
						"r": 18.868
					},
					"region_attributes": {
						"shapes": "disc"
					}
				},
				{
					"shape_attributes": {
						"name": "ellipse",
						"cx": 148,
						"cy": 364,
						"rx": 14,
						"ry": 26.627,
						"theta": -0.598
					},
					"region_attributes": {
						"shapes": "fibril"
					}
				},
				{
					"shape_attributes": {
						"name": "ellipse",
						"cx": 466,
						"cy": 162,
						"rx": 15.556,
						"ry": 48,
						"theta": 0.785
					},
					"region_attributes": {
						"shapes": "fibril"
					}
				},
				{
					"shape_attributes": {
						"name": "circle",
						"cx": 494,
						"cy": 450,
						"r": 22
					},
					"region_attributes": {
						"shapes": "disc"
					}
				},
				{
					"shape_attributes": {
						"name": "ellipse",
						"cx": 170,
						"cy": 251,
						"rx": 12,
						"ry": 27.295,
						"theta": 0.496
					},
					"region_attributes": {
						"shapes": "fibril"
					}
				},
				{
					"shape_attributes": {
						"name": "ellipse",
						"cx": 399,
						"cy": 434,
						"rx": 26.907,
						"ry": 10,
						"theta": -0.733
					},
					"region_attributes": {
						"shapes": "fibril"
					}
				},
				{
					"shape_attributes": {
						"name": "ellipse",
						"cx": 309,
						"cy": 330,
						"rx": 16,
						"ry": 28.601,
						"theta": 0.637
					},
					"region_attributes": {
						"shapes": "fibril"
					}
				},
				{
					"shape_attributes": {
						"name": "ellipse",
						"cx": 459,
						"cy": 48,
						"rx": 13.342,
						"ry": 38,
						"theta": 0.227
					},
					"region_attributes": {
						"shapes": "fibril"
					}
				},
				{
					"shape_attributes": {
						"name": "circle",
						"cx": 495,
						"cy": 102,
						"r": 21
					},
					"region_attributes": {
						"shapes": "disc"
					}
				},
				{
					"shape_attributes": {
						"name": "ellipse",
						"cx": 354,
						"cy": 92,
						"rx": 15,
						"ry": 36.346,
						"theta": -0.138
					},
					"region_attributes": {
						"shapes": "fibril"
					}
				},
				{
					"shape_attributes": {
						"name": "circle",
						"cx": 345,
						"cy": 20,
						"r": 24
					},
					"region_attributes": {
						"shapes": "disc"
					}
				},
				{
					"shape_attributes": {
						"name": "ellipse",
						"cx": 151,
						"cy": 151,
						"rx": 37,
						"ry": 16.125,
						"theta": 2.622
					},
					"region_attributes": {
						"shapes": "fibril"
					}
				},
				{
					"shape_attributes": {
						"name": "ellipse",
						"cx": 69,
						"cy": 392,
						"rx": 15.232,
						"ry": 38,
						"theta": 0.405
					},
					"region_attributes": {
						"shapes": "fibril"
					}
				},
				{
					"shape_attributes": {
						"name": "ellipse",
						"cx": 81,
						"cy": 98,
						"rx": 14,
						"ry": 42.544,
						"theta": 0.411
					},
					"region_attributes": {
						"shapes": "fibril"
					}
				},
				{
					"shape_attributes": {
						"name": "circle",
						"cx": 349,
						"cy": 260,
						"r": 26
					},
					"region_attributes": {
						"shapes": "disc"
					}
				},
				{
					"shape_attributes": {
						"name": "ellipse",
						"cx": 198,
						"cy": 69,
						"rx": 14,
						"ry": 25.807,
						"theta": -0.951
					},
					"region_attributes": {
						"shapes": "fibril"
					}
				},
				{
					"shape_attributes": {
						"name": "ellipse",
						"cx": 118,
						"cy": 59,
						"rx": 16,
						"ry": 46.043,
						"theta": -0.043
					},
					"region_attributes": {
						"shapes": "fibril"
					}
				},
				{
					"shape_attributes": {
						"name": "circle",
						"cx": 125,
						"cy": 121,
						"r": 21
					},
					"region_attributes": {
						"shapes": "disc"
					}
				},
				{
					"shape_attributes": {
						"name": "ellipse",
						"cx": 168,
						"cy": 80,
						"rx": 16,
						"ry": 32.757,
						"theta": 2.596
					},
					"region_attributes": {
						"shapes": "fibril"
					}
				},
				{
					"shape_attributes": {
						"name": "ellipse",
						"cx": 147,
						"cy": 45,
						"rx": 13,
						"ry": 29,
						"theta": 0
					},
					"region_attributes": {
						"shapes": "fibril"
					}
				},
				{
					"shape_attributes": {
						"name": "circle",
						"cx": 397,
						"cy": 160,
						"r": 19.647
					},
					"region_attributes": {
						"shapes": "disc"
					}
				},
				{
					"shape_attributes": {
						"name": "ellipse",
						"cx": 407,
						"cy": 222,
						"rx": 17,
						"ry": 41.231,
						"theta": -0.399
					},
					"region_attributes": {
						"shapes": "fibril"
					}
				},
				{
					"shape_attributes": {
						"name": "circle",
						"cx": 322,
						"cy": 229,
						"r": 27
					},
					"region_attributes": {
						"shapes": "disc"
					}
				},
				{
					"shape_attributes": {
						"name": "ellipse",
						"cx": 297,
						"cy": 416,
						"rx": 15,
						"ry": 38.288,
						"theta": -0.711
					},
					"region_attributes": {
						"shapes": "fibril"
					}
				},
				{
					"shape_attributes": {
						"name": "circle",
						"cx": 206,
						"cy": 426,
						"r": 29
					},
					"region_attributes": {
						"shapes": "disc"
					}
				},
				{
					"shape_attributes": {
						"name": "ellipse",
						"cx": 25,
						"cy": 273,
						"rx": 39.395,
						"ry": 20,
						"theta": -0.418
					},
					"region_attributes": {
						"shapes": "fibril"
					}
				},
				{
					"shape_attributes": {
						"name": "ellipse",
						"cx": 108,
						"cy": 302,
						"rx": 16,
						"ry": 35.226,
						"theta": -0.514
					},
					"region_attributes": {
						"shapes": "fibril"
					}
				},
				{
					"shape_attributes": {
						"name": "circle",
						"cx": 216,
						"cy": 495,
						"r": 33
					},
					"region_attributes": {
						"shapes": "disc"
					}
				},
				{
					"shape_attributes": {
						"name": "ellipse",
						"cx": 83,
						"cy": 210,
						"rx": 43.04,
						"ry": 17.333,
						"theta": -2.859
					},
					"region_attributes": {
						"shapes": "fibril"
					}
				},
				{
					"shape_attributes": {
						"name": "ellipse",
						"cx": 125,
						"cy": 484,
						"rx": 43.533,
						"ry": 22.667,
						"theta": 2.664
					},
					"region_attributes": {
						"shapes": "fibril"
					}
				},
				{
					"shape_attributes": {
						"name": "circle",
						"cx": 262,
						"cy": 105,
						"r": 35
					},
					"region_attributes": {
						"shapes": "disc"
					}
				},
				{
					"shape_attributes": {
						"name": "circle",
						"cx": 283,
						"cy": 451,
						"r": 27
					},
					"region_attributes": {
						"shapes": "disc"
					}
				},
				{
					"shape_attributes": {
						"name": "ellipse",
						"cx": 228,
						"cy": 341,
						"rx": 40,
						"ry": 16,
						"theta": 0
					},
					"region_attributes": {
						"shapes": "fibril"
					}
				},
				{
					"shape_attributes": {
						"name": "ellipse",
						"cx": 349,
						"cy": 373,
						"rx": 48,
						"ry": 16,
						"theta": 0
					},
					"region_attributes": {
						"shapes": "fibril"
					}
				},
				{
					"shape_attributes": {
						"name": "circle",
						"cx": 403,
						"cy": 285,
						"r": 26
					},
					"region_attributes": {
						"shapes": "disc"
					}
				},
				{
					"shape_attributes": {
						"name": "circle",
						"cx": 445,
						"cy": 477,
						"r": 25
					},
					"region_attributes": {
						"shapes": "disc"
					}
				}
			],
			"file_attributes": {

			}
		},
		"14.jpg285589": {
			"filename": "14.jpg",
			"size": 285589,
			"regions": [{
					"shape_attributes": {
						"name": "circle",
						"cx": 449,
						"cy": 325,
						"r": 23
					},
					"region_attributes": {
						"shapes": "disc"
					}
				},
				{
					"shape_attributes": {
						"name": "ellipse",
						"cx": 408,
						"cy": 438,
						"rx": 18,
						"ry": 40.311,
						"theta": 2.09
					},
					"region_attributes": {
						"shapes": "fibril"
					}
				},
				{
					"shape_attributes": {
						"name": "ellipse",
						"cx": 471,
						"cy": 405,
						"rx": 19,
						"ry": 36.125,
						"theta": -0.844
					},
					"region_attributes": {
						"shapes": "fibril"
					}
				},
				{
					"shape_attributes": {
						"name": "circle",
						"cx": 396,
						"cy": 176,
						"r": 22
					},
					"region_attributes": {
						"shapes": "disc"
					}
				},
				{
					"shape_attributes": {
						"name": "ellipse",
						"cx": 26,
						"cy": 440,
						"rx": 13,
						"ry": 49.336,
						"theta": 0.309
					},
					"region_attributes": {
						"shapes": "fibril"
					}
				},
				{
					"shape_attributes": {
						"name": "ellipse",
						"cx": 170,
						"cy": 38,
						"rx": 16,
						"ry": 37.443,
						"theta": -0.975
					},
					"region_attributes": {
						"shapes": "fibril"
					}
				},
				{
					"shape_attributes": {
						"name": "circle",
						"cx": 357,
						"cy": 185,
						"r": 27
					},
					"region_attributes": {
						"shapes": "disc"
					}
				},
				{
					"shape_attributes": {
						"name": "ellipse",
						"cx": 289,
						"cy": 184,
						"rx": 14.667,
						"ry": 44.141,
						"theta": 0.437
					},
					"region_attributes": {
						"shapes": "fibril"
					}
				},
				{
					"shape_attributes": {
						"name": "ellipse",
						"cx": 158,
						"cy": 284,
						"rx": 21.333,
						"ry": 38.759,
						"theta": 2.429
					},
					"region_attributes": {
						"shapes": "fibril"
					}
				},
				{
					"shape_attributes": {
						"name": "ellipse",
						"cx": 141,
						"cy": 204,
						"rx": 14.667,
						"ry": 44.141,
						"theta": 0.437
					},
					"region_attributes": {
						"shapes": "fibril"
					}
				},
				{
					"shape_attributes": {
						"name": "ellipse",
						"cx": 212,
						"cy": 270,
						"rx": 44.562,
						"ry": 10.667,
						"theta": 0.679
					},
					"region_attributes": {
						"shapes": "fibril"
					}
				},
				{
					"shape_attributes": {
						"name": "ellipse",
						"cx": 186,
						"cy": 196,
						"rx": 16,
						"ry": 46.571,
						"theta": -0.231
					},
					"region_attributes": {
						"shapes": "fibril"
					}
				},
				{
					"shape_attributes": {
						"name": "ellipse",
						"cx": 305,
						"cy": 248,
						"rx": 21.333,
						"ry": 35.226,
						"theta": -2.085
					},
					"region_attributes": {
						"shapes": "fibril"
					}
				},
				{
					"shape_attributes": {
						"name": "ellipse",
						"cx": 333,
						"cy": 73,
						"rx": 20,
						"ry": 40.111,
						"theta": 2.767
					},
					"region_attributes": {
						"shapes": "fibril"
					}
				},
				{
					"shape_attributes": {
						"name": "circle",
						"cx": 284,
						"cy": 17,
						"r": 29
					},
					"region_attributes": {
						"shapes": "disc"
					}
				},
				{
					"shape_attributes": {
						"name": "ellipse",
						"cx": 272,
						"cy": 93,
						"rx": 21.082,
						"ry": 52,
						"theta": -2.82
					},
					"region_attributes": {
						"shapes": "fibril"
					}
				},
				{
					"shape_attributes": {
						"name": "ellipse",
						"cx": 426,
						"cy": 76,
						"rx": 21.333,
						"ry": 49.621,
						"theta": -0.108
					},
					"region_attributes": {
						"shapes": "fibril"
					}
				},
				{
					"shape_attributes": {
						"name": "circle",
						"cx": 461,
						"cy": 7,
						"r": 26
					},
					"region_attributes": {
						"shapes": "disc"
					}
				},
				{
					"shape_attributes": {
						"name": "ellipse",
						"cx": 80,
						"cy": 396,
						"rx": 14.36,
						"ry": 57.333,
						"theta": 0.381
					},
					"region_attributes": {
						"shapes": "fibril"
					}
				},
				{
					"shape_attributes": {
						"name": "ellipse",
						"cx": 32,
						"cy": 358,
						"rx": 17.333,
						"ry": 46.226,
						"theta": 0.58
					},
					"region_attributes": {
						"shapes": "fibril"
					}
				},
				{
					"shape_attributes": {
						"name": "ellipse",
						"cx": 210,
						"cy": 58,
						"rx": 18.667,
						"ry": 63.68,
						"theta": 0.342
					},
					"region_attributes": {
						"shapes": "fibril"
					}
				},
				{
					"shape_attributes": {
						"name": "circle",
						"cx": 224,
						"cy": 119,
						"r": 22
					},
					"region_attributes": {
						"shapes": "disc"
					}
				},
				{
					"shape_attributes": {
						"name": "circle",
						"cx": 115,
						"cy": 79,
						"r": 32.249
					},
					"region_attributes": {
						"shapes": "disc"
					}
				},
				{
					"shape_attributes": {
						"name": "circle",
						"cx": 384,
						"cy": 323,
						"r": 39
					},
					"region_attributes": {
						"shapes": "disc"
					}
				},
				{
					"shape_attributes": {
						"name": "ellipse",
						"cx": 457,
						"cy": 159,
						"rx": 28,
						"ry": 48.953,
						"theta": 0.512
					},
					"region_attributes": {
						"shapes": "fibril"
					}
				},
				{
					"shape_attributes": {
						"name": "ellipse",
						"cx": 47,
						"cy": 222,
						"rx": 21,
						"ry": 75.743,
						"theta": 0.739
					},
					"region_attributes": {
						"shapes": "fibril"
					}
				},
				{
					"shape_attributes": {
						"name": "circle",
						"cx": 284,
						"cy": 348,
						"r": 50
					},
					"region_attributes": {
						"shapes": "disc"
					}
				},
				{
					"shape_attributes": {
						"name": "ellipse",
						"cx": 462,
						"cy": 226,
						"rx": 61.612,
						"ry": 26,
						"theta": 2.518
					},
					"region_attributes": {
						"shapes": "fibril"
					}
				},
				{
					"shape_attributes": {
						"name": "circle",
						"cx": 202,
						"cy": 424,
						"r": 66
					},
					"region_attributes": {
						"shapes": "disc"
					}
				},
				{
					"shape_attributes": {
						"name": "circle",
						"cx": 40,
						"cy": 24,
						"r": 39
					},
					"region_attributes": {
						"shapes": "disc"
					}
				},
				{
					"shape_attributes": {
						"name": "ellipse",
						"cx": 62,
						"cy": 92,
						"rx": 16,
						"ry": 44.944,
						"theta": 0.364
					},
					"region_attributes": {
						"shapes": "fibril"
					}
				}
			],
			"file_attributes": {

			}
		},
		"15.jpg287382": {
			"filename": "15.jpg",
			"size": 287382,
			"regions": [{
					"shape_attributes": {
						"name": "ellipse",
						"cx": 46,
						"cy": 435,
						"rx": 19.416,
						"ry": 56,
						"theta": 0.602
					},
					"region_attributes": {
						"shapes": "fibril"
					}
				},
				{
					"shape_attributes": {
						"name": "ellipse",
						"cx": 142,
						"cy": 417,
						"rx": 50.931,
						"ry": 21,
						"theta": 2.384
					},
					"region_attributes": {
						"shapes": "fibril"
					}
				},
				{
					"shape_attributes": {
						"name": "ellipse",
						"cx": 405,
						"cy": 31,
						"rx": 16,
						"ry": 60.745,
						"theta": 0.353
					},
					"region_attributes": {
						"shapes": "fibril"
					}
				},
				{
					"shape_attributes": {
						"name": "ellipse",
						"cx": 76,
						"cy": 143,
						"rx": 14.866,
						"ry": 45,
						"theta": 2.404
					},
					"region_attributes": {
						"shapes": "fibril"
					}
				},
				{
					"shape_attributes": {
						"name": "ellipse",
						"cx": 183,
						"cy": 485,
						"rx": 18.601,
						"ry": 45,
						"theta": 2.204
					},
					"region_attributes": {
						"shapes": "fibril"
					}
				},
				{
					"shape_attributes": {
						"name": "ellipse",
						"cx": 469,
						"cy": 143,
						"rx": 20,
						"ry": 37.712,
						"theta": 0.785
					},
					"region_attributes": {
						"shapes": "fibril"
					}
				},
				{
					"shape_attributes": {
						"name": "circle",
						"cx": 112,
						"cy": 69,
						"r": 38
					},
					"region_attributes": {
						"shapes": "disc"
					}
				},
				{
					"shape_attributes": {
						"name": "circle",
						"cx": 148,
						"cy": 200,
						"r": 29
					},
					"region_attributes": {
						"shapes": "disc"
					}
				},
				{
					"shape_attributes": {
						"name": "ellipse",
						"cx": 184,
						"cy": 134,
						"rx": 17.333,
						"ry": 35.428,
						"theta": 0.346
					},
					"region_attributes": {
						"shapes": "fibril"
					}
				},
				{
					"shape_attributes": {
						"name": "ellipse",
						"cx": 351,
						"cy": 99,
						"rx": 61.982,
						"ry": 18.667,
						"theta": -2.813
					},
					"region_attributes": {
						"shapes": "fibril"
					}
				},
				{
					"shape_attributes": {
						"name": "circle",
						"cx": 427,
						"cy": 333,
						"r": 32.111
					},
					"region_attributes": {
						"shapes": "disc"
					}
				},
				{
					"shape_attributes": {
						"name": "ellipse",
						"cx": 320,
						"cy": 338,
						"rx": 21.333,
						"ry": 60.809,
						"theta": -0.661
					},
					"region_attributes": {
						"shapes": "fibril"
					}
				},
				{
					"shape_attributes": {
						"name": "circle",
						"cx": 289,
						"cy": 403,
						"r": 34
					},
					"region_attributes": {
						"shapes": "disc"
					}
				},
				{
					"shape_attributes": {
						"name": "circle",
						"cx": 35,
						"cy": 178,
						"r": 35
					},
					"region_attributes": {
						"shapes": "disc"
					}
				},
				{
					"shape_attributes": {
						"name": "ellipse",
						"cx": 25,
						"cy": 361,
						"rx": 20,
						"ry": 46.667,
						"theta": 0.644
					},
					"region_attributes": {
						"shapes": "fibril"
					}
				},
				{
					"shape_attributes": {
						"name": "ellipse",
						"cx": 183,
						"cy": 229,
						"rx": 20,
						"ry": 54.291,
						"theta": 0.431
					},
					"region_attributes": {
						"shapes": "fibril"
					}
				},
				{
					"shape_attributes": {
						"name": "ellipse",
						"cx": 119,
						"cy": 240,
						"rx": 16,
						"ry": 45.976,
						"theta": -0.294
					},
					"region_attributes": {
						"shapes": "fibril"
					}
				},
				{
					"shape_attributes": {
						"name": "ellipse",
						"cx": 253,
						"cy": 322,
						"rx": 17.333,
						"ry": 49.621,
						"theta": 2.606
					},
					"region_attributes": {
						"shapes": "fibril"
					}
				},
				{
					"shape_attributes": {
						"name": "ellipse",
						"cx": 466,
						"cy": 433,
						"rx": 45,
						"ry": 19,
						"theta": 0
					},
					"region_attributes": {
						"shapes": "fibril"
					}
				},
				{
					"shape_attributes": {
						"name": "circle",
						"cx": 301,
						"cy": 165,
						"r": 44
					},
					"region_attributes": {
						"shapes": "disc"
					}
				},
				{
					"shape_attributes": {
						"name": "circle",
						"cx": 133,
						"cy": 326,
						"r": 51
					},
					"region_attributes": {
						"shapes": "disc"
					}
				},
				{
					"shape_attributes": {
						"name": "circle",
						"cx": 27,
						"cy": 39,
						"r": 37
					},
					"region_attributes": {
						"shapes": "disc"
					}
				},
				{
					"shape_attributes": {
						"name": "circle",
						"cx": 326,
						"cy": 231,
						"r": 37
					},
					"region_attributes": {
						"shapes": "disc"
					}
				},
				{
					"shape_attributes": {
						"name": "circle",
						"cx": 48,
						"cy": 290,
						"r": 39.699
					},
					"region_attributes": {
						"shapes": "disc"
					}
				},
				{
					"shape_attributes": {
						"name": "circle",
						"cx": 462,
						"cy": 230,
						"r": 37
					},
					"region_attributes": {
						"shapes": "disc"
					}
				},
				{
					"shape_attributes": {
						"name": "ellipse",
						"cx": 390,
						"cy": 496,
						"rx": 73.376,
						"ry": 24,
						"theta": 2.837
					},
					"region_attributes": {
						"shapes": "fibril"
					}
				},
				{
					"shape_attributes": {
						"name": "circle",
						"cx": 230,
						"cy": 44,
						"r": 60.531
					},
					"region_attributes": {
						"shapes": "disc"
					}
				}
			],
			"file_attributes": {

			}
		},
		"16.jpg294574": {
			"filename": "16.jpg",
			"size": 294574,
			"regions": [{
					"shape_attributes": {
						"name": "ellipse",
						"cx": 46,
						"cy": 362,
						"rx": 18.111,
						"ry": 50,
						"theta": -0.111
					},
					"region_attributes": {
						"shapes": "fibril"
					}
				},
				{
					"shape_attributes": {
						"name": "ellipse",
						"cx": 147,
						"cy": 332,
						"rx": 39.825,
						"ry": 18,
						"theta": 2.644
					},
					"region_attributes": {
						"shapes": "fibril"
					}
				},
				{
					"shape_attributes": {
						"name": "ellipse",
						"cx": 119,
						"cy": 387,
						"rx": 13,
						"ry": 33.956,
						"theta": 0.238
					},
					"region_attributes": {
						"shapes": "fibril"
					}
				},
				{
					"shape_attributes": {
						"name": "ellipse",
						"cx": 52,
						"cy": 464,
						"rx": 32.65,
						"ry": 16,
						"theta": 2.443
					},
					"region_attributes": {
						"shapes": "fibril"
					}
				},
				{
					"shape_attributes": {
						"name": "ellipse",
						"cx": 172,
						"cy": 83,
						"rx": 12,
						"ry": 41,
						"theta": 0
					},
					"region_attributes": {
						"shapes": "fibril"
					}
				},
				{
					"shape_attributes": {
						"name": "circle",
						"cx": 117,
						"cy": 156,
						"r": 26
					},
					"region_attributes": {
						"shapes": "disc"
					}
				},
				{
					"shape_attributes": {
						"name": "ellipse",
						"cx": 374,
						"cy": 288,
						"rx": 17,
						"ry": 43.6,
						"theta": 2.21
					},
					"region_attributes": {
						"shapes": "fibril"
					}
				},
				{
					"shape_attributes": {
						"name": "circle",
						"cx": 444,
						"cy": 161,
						"r": 32
					},
					"region_attributes": {
						"shapes": "disc"
					}
				},
				{
					"shape_attributes": {
						"name": "circle",
						"cx": 338,
						"cy": 58,
						"r": 26
					},
					"region_attributes": {
						"shapes": "disc"
					}
				},
				{
					"shape_attributes": {
						"name": "ellipse",
						"cx": 150,
						"cy": 206,
						"rx": 18,
						"ry": 49.649,
						"theta": 0.599
					},
					"region_attributes": {
						"shapes": "fibril"
					}
				},
				{
					"shape_attributes": {
						"name": "circle",
						"cx": 158,
						"cy": 280,
						"r": 22
					},
					"region_attributes": {
						"shapes": "disc"
					}
				},
				{
					"shape_attributes": {
						"name": "ellipse",
						"cx": 58,
						"cy": 119,
						"rx": 39.812,
						"ry": 21,
						"theta": 2.7
					},
					"region_attributes": {
						"shapes": "fibril"
					}
				},
				{
					"shape_attributes": {
						"name": "ellipse",
						"cx": 439,
						"cy": 72,
						"rx": 50.636,
						"ry": 17,
						"theta": -2.983
					},
					"region_attributes": {
						"shapes": "fibril"
					}
				},
				{
					"shape_attributes": {
						"name": "ellipse",
						"cx": 180,
						"cy": 384,
						"rx": 19,
						"ry": 36.77,
						"theta": 2.356
					},
					"region_attributes": {
						"shapes": "fibril"
					}
				},
				{
					"shape_attributes": {
						"name": "ellipse",
						"cx": 139,
						"cy": 468,
						"rx": 20,
						"ry": 46.519,
						"theta": 0.444
					},
					"region_attributes": {
						"shapes": "fibril"
					}
				},
				{
					"shape_attributes": {
						"name": "circle",
						"cx": 204,
						"cy": 344,
						"r": 27
					},
					"region_attributes": {
						"shapes": "disc"
					}
				},
				{
					"shape_attributes": {
						"name": "ellipse",
						"cx": 275,
						"cy": 292,
						"rx": 16,
						"ry": 43.186,
						"theta": 0.093
					},
					"region_attributes": {
						"shapes": "fibril"
					}
				},
				{
					"shape_attributes": {
						"name": "ellipse",
						"cx": 277,
						"cy": 429,
						"rx": 17,
						"ry": 48.104,
						"theta": 0.361
					},
					"region_attributes": {
						"shapes": "fibril"
					}
				},
				{
					"shape_attributes": {
						"name": "circle",
						"cx": 325,
						"cy": 374,
						"r": 28
					},
					"region_attributes": {
						"shapes": "disc"
					}
				},
				{
					"shape_attributes": {
						"name": "ellipse",
						"cx": 251,
						"cy": 161,
						"rx": 20.396,
						"ry": 40,
						"theta": 0.197
					},
					"region_attributes": {
						"shapes": "fibril"
					}
				},
				{
					"shape_attributes": {
						"name": "circle",
						"cx": 217,
						"cy": 226,
						"r": 31
					},
					"region_attributes": {
						"shapes": "disc"
					}
				},
				{
					"shape_attributes": {
						"name": "circle",
						"cx": 383,
						"cy": 388,
						"r": 36
					},
					"region_attributes": {
						"shapes": "disc"
					}
				},
				{
					"shape_attributes": {
						"name": "ellipse",
						"cx": 295,
						"cy": 118,
						"rx": 16,
						"ry": 40,
						"theta": -0.644
					},
					"region_attributes": {
						"shapes": "fibril"
					}
				},
				{
					"shape_attributes": {
						"name": "circle",
						"cx": 311,
						"cy": 202,
						"r": 34
					},
					"region_attributes": {
						"shapes": "disc"
					}
				},
				{
					"shape_attributes": {
						"name": "ellipse",
						"cx": 380,
						"cy": 208,
						"rx": 17,
						"ry": 43.863,
						"theta": -1.994
					},
					"region_attributes": {
						"shapes": "fibril"
					}
				},
				{
					"shape_attributes": {
						"name": "circle",
						"cx": 461,
						"cy": 396,
						"r": 34
					},
					"region_attributes": {
						"shapes": "disc"
					}
				},
				{
					"shape_attributes": {
						"name": "ellipse",
						"cx": 476,
						"cy": 212,
						"rx": 17,
						"ry": 51.856,
						"theta": 0.69
					},
					"region_attributes": {
						"shapes": "fibril"
					}
				},
				{
					"shape_attributes": {
						"name": "circle",
						"cx": 354,
						"cy": 483,
						"r": 35
					},
					"region_attributes": {
						"shapes": "disc"
					}
				},
				{
					"shape_attributes": {
						"name": "circle",
						"cx": 426,
						"cy": 462,
						"r": 36
					},
					"region_attributes": {
						"shapes": "disc"
					}
				},
				{
					"shape_attributes": {
						"name": "circle",
						"cx": 212,
						"cy": 21,
						"r": 35
					},
					"region_attributes": {
						"shapes": "disc"
					}
				},
				{
					"shape_attributes": {
						"name": "circle",
						"cx": 368,
						"cy": 108,
						"r": 25
					},
					"region_attributes": {
						"shapes": "disc"
					}
				},
				{
					"shape_attributes": {
						"name": "circle",
						"cx": 40,
						"cy": 192,
						"r": 48
					},
					"region_attributes": {
						"shapes": "disc"
					}
				},
				{
					"shape_attributes": {
						"name": "circle",
						"cx": 461,
						"cy": 288,
						"r": 42
					},
					"region_attributes": {
						"shapes": "disc"
					}
				},
				{
					"shape_attributes": {
						"name": "circle",
						"cx": 360,
						"cy": 157,
						"r": 25
					},
					"region_attributes": {
						"shapes": "disc"
					}
				}
			],
			"file_attributes": {

			}
		},
		"17.jpg296125": {
			"filename": "17.jpg",
			"size": 296125,
			"regions": [{
					"shape_attributes": {
						"name": "ellipse",
						"cx": 317,
						"cy": 403,
						"rx": 20,
						"ry": 64.111,
						"theta": 0.295
					},
					"region_attributes": {
						"shapes": "fibril"
					}
				},
				{
					"shape_attributes": {
						"name": "ellipse",
						"cx": 455,
						"cy": 385,
						"rx": 21.333,
						"ry": 45.333,
						"theta": 0.49
					},
					"region_attributes": {
						"shapes": "fibril"
					}
				},
				{
					"shape_attributes": {
						"name": "circle",
						"cx": 493,
						"cy": 409,
						"r": 23
					},
					"region_attributes": {
						"shapes": "disc"
					}
				},
				{
					"shape_attributes": {
						"name": "ellipse",
						"cx": 285,
						"cy": 286,
						"rx": 22.667,
						"ry": 46.226,
						"theta": -2.562
					},
					"region_attributes": {
						"shapes": "fibril"
					}
				},
				{
					"shape_attributes": {
						"name": "ellipse",
						"cx": 468,
						"cy": 202,
						"rx": 20,
						"ry": 49.817,
						"theta": 0.271
					},
					"region_attributes": {
						"shapes": "fibril"
					}
				},
				{
					"shape_attributes": {
						"name": "ellipse",
						"cx": 326,
						"cy": 129,
						"rx": 12,
						"ry": 48,
						"theta": 0
					},
					"region_attributes": {
						"shapes": "fibril"
					}
				},
				{
					"shape_attributes": {
						"name": "ellipse",
						"cx": 113,
						"cy": 227,
						"rx": 50.191,
						"ry": 20,
						"theta": 0.297
					},
					"region_attributes": {
						"shapes": "fibril"
					}
				},
				{
					"shape_attributes": {
						"name": "ellipse",
						"cx": 107,
						"cy": 39,
						"rx": 18.667,
						"ry": 59.059,
						"theta": -1.077
					},
					"region_attributes": {
						"shapes": "fibril"
					}
				},
				{
					"shape_attributes": {
						"name": "ellipse",
						"cx": 418,
						"cy": 491,
						"rx": 45.918,
						"ry": 13.333,
						"theta": 2.691
					},
					"region_attributes": {
						"shapes": "fibril"
					}
				},
				{
					"shape_attributes": {
						"name": "circle",
						"cx": 35,
						"cy": 411,
						"r": 50
					},
					"region_attributes": {
						"shapes": "disc"
					}
				},
				{
					"shape_attributes": {
						"name": "circle",
						"cx": 388,
						"cy": 240,
						"r": 33
					},
					"region_attributes": {
						"shapes": "disc"
					}
				},
				{
					"shape_attributes": {
						"name": "ellipse",
						"cx": 217,
						"cy": 31,
						"rx": 16,
						"ry": 65.129,
						"theta": 0.4
					},
					"region_attributes": {
						"shapes": "fibril"
					}
				},
				{
					"shape_attributes": {
						"name": "ellipse",
						"cx": 54,
						"cy": 132,
						"rx": 17.333,
						"ry": 44.322,
						"theta": 0.121
					},
					"region_attributes": {
						"shapes": "fibril"
					}
				},
				{
					"shape_attributes": {
						"name": "circle",
						"cx": 175,
						"cy": 411,
						"r": 30.148
					},
					"region_attributes": {
						"shapes": "disc"
					}
				},
				{
					"shape_attributes": {
						"name": "ellipse",
						"cx": 267,
						"cy": 395,
						"rx": 16,
						"ry": 40.31,
						"theta": -0.597
					},
					"region_attributes": {
						"shapes": "fibril"
					}
				},
				{
					"shape_attributes": {
						"name": "ellipse",
						"cx": 203,
						"cy": 374,
						"rx": 39.333,
						"ry": 15.217,
						"theta": 0.503
					},
					"region_attributes": {
						"shapes": "fibril"
					}
				},
				{
					"shape_attributes": {
						"name": "ellipse",
						"cx": 188,
						"cy": 320,
						"rx": 37.047,
						"ry": 18.667,
						"theta": -0.528
					},
					"region_attributes": {
						"shapes": "fibril"
					}
				},
				{
					"shape_attributes": {
						"name": "ellipse",
						"cx": 182,
						"cy": 260,
						"rx": 18.667,
						"ry": 36.417,
						"theta": 0.415
					},
					"region_attributes": {
						"shapes": "fibril"
					}
				},
				{
					"shape_attributes": {
						"name": "circle",
						"cx": 423,
						"cy": 164,
						"r": 37
					},
					"region_attributes": {
						"shapes": "disc"
					}
				},
				{
					"shape_attributes": {
						"name": "ellipse",
						"cx": 207,
						"cy": 125,
						"rx": 13,
						"ry": 28,
						"theta": 0
					},
					"region_attributes": {
						"shapes": "fibril"
					}
				},
				{
					"shape_attributes": {
						"name": "ellipse",
						"cx": 257,
						"cy": 219,
						"rx": 18.667,
						"ry": 57.395,
						"theta": 0.536
					},
					"region_attributes": {
						"shapes": "fibril"
					}
				},
				{
					"shape_attributes": {
						"name": "circle",
						"cx": 92,
						"cy": 159,
						"r": 23
					},
					"region_attributes": {
						"shapes": "disc"
					}
				},
				{
					"shape_attributes": {
						"name": "circle",
						"cx": 97,
						"cy": 96,
						"r": 21
					},
					"region_attributes": {
						"shapes": "disc"
					}
				},
				{
					"shape_attributes": {
						"name": "ellipse",
						"cx": 270,
						"cy": 130,
						"rx": 46.667,
						"ry": 17.385,
						"theta": -1.004
					},
					"region_attributes": {
						"shapes": "fibril"
					}
				},
				{
					"shape_attributes": {
						"name": "circle",
						"cx": 381,
						"cy": 336,
						"r": 30
					},
					"region_attributes": {
						"shapes": "disc"
					}
				},
				{
					"shape_attributes": {
						"name": "ellipse",
						"cx": 88,
						"cy": 469,
						"rx": 37,
						"ry": 15,
						"theta": 0
					},
					"region_attributes": {
						"shapes": "fibril"
					}
				},
				{
					"shape_attributes": {
						"name": "circle",
						"cx": 336,
						"cy": 18,
						"r": 26
					},
					"region_attributes": {
						"shapes": "disc"
					}
				},
				{
					"shape_attributes": {
						"name": "circle",
						"cx": 435,
						"cy": 306,
						"r": 29
					},
					"region_attributes": {
						"shapes": "disc"
					}
				},
				{
					"shape_attributes": {
						"name": "ellipse",
						"cx": 91,
						"cy": 323,
						"rx": 52.667,
						"ry": 19.333,
						"theta": -0.81
					},
					"region_attributes": {
						"shapes": "fibril"
					}
				},
				{
					"shape_attributes": {
						"name": "circle",
						"cx": 407,
						"cy": 67,
						"r": 29
					},
					"region_attributes": {
						"shapes": "disc"
					}
				},
				{
					"shape_attributes": {
						"name": "circle",
						"cx": 166,
						"cy": 149,
						"r": 20
					},
					"region_attributes": {
						"shapes": "disc"
					}
				},
				{
					"shape_attributes": {
						"name": "ellipse",
						"cx": 217,
						"cy": 489,
						"rx": 15.62,
						"ry": 26.667,
						"theta": 0.695
					},
					"region_attributes": {
						"shapes": "fibril"
					}
				},
				{
					"shape_attributes": {
						"name": "ellipse",
						"cx": 29,
						"cy": 488,
						"rx": 34.647,
						"ry": 19.333,
						"theta": 0.524
					},
					"region_attributes": {
						"shapes": "fibril"
					}
				}
			],
			"file_attributes": {

			}
		},
		"18.jpg295429": {
			"filename": "18.jpg",
			"size": 295429,
			"regions": [{
					"shape_attributes": {
						"name": "ellipse",
						"cx": 278,
						"cy": 417,
						"rx": 16,
						"ry": 38.181,
						"theta": 0.211
					},
					"region_attributes": {
						"shapes": "fibril"
					}
				},
				{
					"shape_attributes": {
						"name": "ellipse",
						"cx": 344,
						"cy": 444,
						"rx": 18.135,
						"ry": 38.667,
						"theta": -2.513
					},
					"region_attributes": {
						"shapes": "fibril"
					}
				},
				{
					"shape_attributes": {
						"name": "circle",
						"cx": 340,
						"cy": 391,
						"r": 25
					},
					"region_attributes": {
						"shapes": "disc"
					}
				},
				{
					"shape_attributes": {
						"name": "ellipse",
						"cx": 471,
						"cy": 440,
						"rx": 14.667,
						"ry": 41.419,
						"theta": 0.579
					},
					"region_attributes": {
						"shapes": "fibril"
					}
				},
				{
					"shape_attributes": {
						"name": "ellipse",
						"cx": 455,
						"cy": 181,
						"rx": 16.275,
						"ry": 37.333,
						"theta": 2.182
					},
					"region_attributes": {
						"shapes": "fibril"
					}
				},
				{
					"shape_attributes": {
						"name": "circle",
						"cx": 453,
						"cy": 295,
						"r": 36
					},
					"region_attributes": {
						"shapes": "disc"
					}
				},
				{
					"shape_attributes": {
						"name": "ellipse",
						"cx": 170,
						"cy": 286,
						"rx": 18.667,
						"ry": 34.667,
						"theta": -0.395
					},
					"region_attributes": {
						"shapes": "fibril"
					}
				},
				{
					"shape_attributes": {
						"name": "ellipse",
						"cx": 39,
						"cy": 396,
						"rx": 20,
						"ry": 44.979,
						"theta": -0.209
					},
					"region_attributes": {
						"shapes": "fibril"
					}
				},
				{
					"shape_attributes": {
						"name": "ellipse",
						"cx": 95,
						"cy": 429,
						"rx": 18.667,
						"ry": 35.302,
						"theta": -0.19
					},
					"region_attributes": {
						"shapes": "fibril"
					}
				},
				{
					"shape_attributes": {
						"name": "ellipse",
						"cx": 62,
						"cy": 244,
						"rx": 17.333,
						"ry": 27.358,
						"theta": -0.751
					},
					"region_attributes": {
						"shapes": "fibril"
					}
				},
				{
					"shape_attributes": {
						"name": "circle",
						"cx": 72,
						"cy": 191,
						"r": 29
					},
					"region_attributes": {
						"shapes": "disc"
					}
				},
				{
					"shape_attributes": {
						"name": "ellipse",
						"cx": 354,
						"cy": 270,
						"rx": 50.12,
						"ry": 14.667,
						"theta": -0.499
					},
					"region_attributes": {
						"shapes": "fibril"
					}
				},
				{
					"shape_attributes": {
						"name": "circle",
						"cx": 221,
						"cy": 225,
						"r": 22
					},
					"region_attributes": {
						"shapes": "disc"
					}
				},
				{
					"shape_attributes": {
						"name": "ellipse",
						"cx": 295,
						"cy": 180,
						"rx": 20,
						"ry": 39,
						"theta": 0
					},
					"region_attributes": {
						"shapes": "fibril"
					}
				},
				{
					"shape_attributes": {
						"name": "circle",
						"cx": 308,
						"cy": 106,
						"r": 34
					},
					"region_attributes": {
						"shapes": "disc"
					}
				},
				{
					"shape_attributes": {
						"name": "circle",
						"cx": 360,
						"cy": 168,
						"r": 40
					},
					"region_attributes": {
						"shapes": "disc"
					}
				},
				{
					"shape_attributes": {
						"name": "ellipse",
						"cx": 417,
						"cy": 218,
						"rx": 17.333,
						"ry": 34.998,
						"theta": -0.704
					},
					"region_attributes": {
						"shapes": "fibril"
					}
				},
				{
					"shape_attributes": {
						"name": "ellipse",
						"cx": 499,
						"cy": 240,
						"rx": 13,
						"ry": 32,
						"theta": 0
					},
					"region_attributes": {
						"shapes": "fibril"
					}
				},
				{
					"shape_attributes": {
						"name": "ellipse",
						"cx": 160,
						"cy": 196,
						"rx": 37,
						"ry": 13,
						"theta": 0
					},
					"region_attributes": {
						"shapes": "fibril"
					}
				},
				{
					"shape_attributes": {
						"name": "circle",
						"cx": 67,
						"cy": 324,
						"r": 23
					},
					"region_attributes": {
						"shapes": "disc"
					}
				},
				{
					"shape_attributes": {
						"name": "circle",
						"cx": 68,
						"cy": 111,
						"r": 28
					},
					"region_attributes": {
						"shapes": "disc"
					}
				},
				{
					"shape_attributes": {
						"name": "ellipse",
						"cx": 148,
						"cy": 392,
						"rx": 12,
						"ry": 44,
						"theta": 0
					},
					"region_attributes": {
						"shapes": "fibril"
					}
				},
				{
					"shape_attributes": {
						"name": "circle",
						"cx": 233,
						"cy": 364,
						"r": 22
					},
					"region_attributes": {
						"shapes": "disc"
					}
				},
				{
					"shape_attributes": {
						"name": "ellipse",
						"cx": 228,
						"cy": 422,
						"rx": 21.333,
						"ry": 41.183,
						"theta": -0.507
					},
					"region_attributes": {
						"shapes": "fibril"
					}
				},
				{
					"shape_attributes": {
						"name": "ellipse",
						"cx": 412,
						"cy": 351,
						"rx": 44.382,
						"ry": 18.667,
						"theta": 2.57
					},
					"region_attributes": {
						"shapes": "fibril"
					}
				},
				{
					"shape_attributes": {
						"name": "circle",
						"cx": 261,
						"cy": 260,
						"r": 34
					},
					"region_attributes": {
						"shapes": "disc"
					}
				},
				{
					"shape_attributes": {
						"name": "circle",
						"cx": 99,
						"cy": 52,
						"r": 41
					},
					"region_attributes": {
						"shapes": "disc"
					}
				},
				{
					"shape_attributes": {
						"name": "ellipse",
						"cx": 162,
						"cy": 116,
						"rx": 18.667,
						"ry": 58.803,
						"theta": 0.575
					},
					"region_attributes": {
						"shapes": "fibril"
					}
				},
				{
					"shape_attributes": {
						"name": "circle",
						"cx": 250,
						"cy": 44,
						"r": 27
					},
					"region_attributes": {
						"shapes": "disc"
					}
				},
				{
					"shape_attributes": {
						"name": "ellipse",
						"cx": 347,
						"cy": 14,
						"rx": 22.667,
						"ry": 75.801,
						"theta": 0.885
					},
					"region_attributes": {
						"shapes": "fibril"
					}
				},
				{
					"shape_attributes": {
						"name": "circle",
						"cx": 475,
						"cy": 77,
						"r": 24
					},
					"region_attributes": {
						"shapes": "disc"
					}
				},
				{
					"shape_attributes": {
						"name": "circle",
						"cx": 18,
						"cy": 470,
						"r": 30
					},
					"region_attributes": {
						"shapes": "disc"
					}
				}
			],
			"file_attributes": {

			}
		},
		"19.jpg291669": {
			"filename": "19.jpg",
			"size": 291669,
			"regions": [{
					"shape_attributes": {
						"name": "ellipse",
						"cx": 192,
						"cy": 369,
						"rx": 19.925,
						"ry": 65,
						"theta": 2.836
					},
					"region_attributes": {
						"shapes": "fibril"
					}
				},
				{
					"shape_attributes": {
						"name": "ellipse",
						"cx": 91,
						"cy": 320,
						"rx": 12.649,
						"ry": 45,
						"theta": 0.322
					},
					"region_attributes": {
						"shapes": "fibril"
					}
				},
				{
					"shape_attributes": {
						"name": "ellipse",
						"cx": 356,
						"cy": 131,
						"rx": 13,
						"ry": 34,
						"theta": 0
					},
					"region_attributes": {
						"shapes": "fibril"
					}
				},
				{
					"shape_attributes": {
						"name": "ellipse",
						"cx": 129,
						"cy": 208,
						"rx": 12,
						"ry": 58.728,
						"theta": -0.822
					},
					"region_attributes": {
						"shapes": "fibril"
					}
				},
				{
					"shape_attributes": {
						"name": "ellipse",
						"cx": 408,
						"cy": 430,
						"rx": 33.015,
						"ry": 14,
						"theta": 2.528
					},
					"region_attributes": {
						"shapes": "fibril"
					}
				},
				{
					"shape_attributes": {
						"name": "circle",
						"cx": 276,
						"cy": 321,
						"r": 27
					},
					"region_attributes": {
						"shapes": "disc"
					}
				},
				{
					"shape_attributes": {
						"name": "circle",
						"cx": 200,
						"cy": 257,
						"r": 31
					},
					"region_attributes": {
						"shapes": "disc"
					}
				},
				{
					"shape_attributes": {
						"name": "ellipse",
						"cx": 392,
						"cy": 327,
						"rx": 18,
						"ry": 34.713,
						"theta": -0.724
					},
					"region_attributes": {
						"shapes": "fibril"
					}
				},
				{
					"shape_attributes": {
						"name": "ellipse",
						"cx": 389,
						"cy": 208,
						"rx": 19,
						"ry": 35.777,
						"theta": -0.464
					},
					"region_attributes": {
						"shapes": "fibril"
					}
				},
				{
					"shape_attributes": {
						"name": "ellipse",
						"cx": 291,
						"cy": 213,
						"rx": 15,
						"ry": 42.012,
						"theta": 0.024
					},
					"region_attributes": {
						"shapes": "fibril"
					}
				},
				{
					"shape_attributes": {
						"name": "ellipse",
						"cx": 134,
						"cy": 379,
						"rx": 41.773,
						"ry": 21,
						"theta": 2.407
					},
					"region_attributes": {
						"shapes": "fibril"
					}
				},
				{
					"shape_attributes": {
						"name": "circle",
						"cx": 418,
						"cy": 269,
						"r": 26
					},
					"region_attributes": {
						"shapes": "disc"
					}
				},
				{
					"shape_attributes": {
						"name": "ellipse",
						"cx": 245,
						"cy": 465,
						"rx": 12,
						"ry": 43.174,
						"theta": 0.234
					},
					"region_attributes": {
						"shapes": "fibril"
					}
				},
				{
					"shape_attributes": {
						"name": "ellipse",
						"cx": 479,
						"cy": 354,
						"rx": 18,
						"ry": 44.204,
						"theta": 0.657
					},
					"region_attributes": {
						"shapes": "fibril"
					}
				},
				{
					"shape_attributes": {
						"name": "ellipse",
						"cx": 333,
						"cy": 367,
						"rx": 17,
						"ry": 35.847,
						"theta": -0.526
					},
					"region_attributes": {
						"shapes": "fibril"
					}
				},
				{
					"shape_attributes": {
						"name": "circle",
						"cx": 328,
						"cy": 270,
						"r": 36
					},
					"region_attributes": {
						"shapes": "disc"
					}
				},
				{
					"shape_attributes": {
						"name": "ellipse",
						"cx": 493,
						"cy": 139,
						"rx": 18,
						"ry": 39.825,
						"theta": -0.679
					},
					"region_attributes": {
						"shapes": "fibril"
					}
				},
				{
					"shape_attributes": {
						"name": "ellipse",
						"cx": 428,
						"cy": 107,
						"rx": 25,
						"ry": 33.615,
						"theta": -1.174
					},
					"region_attributes": {
						"shapes": "fibril"
					}
				},
				{
					"shape_attributes": {
						"name": "ellipse",
						"cx": 56,
						"cy": 105,
						"rx": 11,
						"ry": 29,
						"theta": 0
					},
					"region_attributes": {
						"shapes": "fibril"
					}
				},
				{
					"shape_attributes": {
						"name": "ellipse",
						"cx": 29,
						"cy": 481,
						"rx": 15,
						"ry": 26.926,
						"theta": -2.118
					},
					"region_attributes": {
						"shapes": "fibril"
					}
				},
				{
					"shape_attributes": {
						"name": "circle",
						"cx": 128,
						"cy": 273,
						"r": 20
					},
					"region_attributes": {
						"shapes": "disc"
					}
				},
				{
					"shape_attributes": {
						"name": "circle",
						"cx": 63,
						"cy": 205,
						"r": 31
					},
					"region_attributes": {
						"shapes": "disc"
					}
				},
				{
					"shape_attributes": {
						"name": "ellipse",
						"cx": 234,
						"cy": 84,
						"rx": 21.333,
						"ry": 58.621,
						"theta": 0.3
					},
					"region_attributes": {
						"shapes": "fibril"
					}
				},
				{
					"shape_attributes": {
						"name": "circle",
						"cx": 187,
						"cy": 152,
						"r": 36
					},
					"region_attributes": {
						"shapes": "disc"
					}
				},
				{
					"shape_attributes": {
						"name": "circle",
						"cx": 300,
						"cy": 449,
						"r": 32
					},
					"region_attributes": {
						"shapes": "disc"
					}
				},
				{
					"shape_attributes": {
						"name": "circle",
						"cx": 496,
						"cy": 268,
						"r": 29
					},
					"region_attributes": {
						"shapes": "disc"
					}
				},
				{
					"shape_attributes": {
						"name": "circle",
						"cx": 107,
						"cy": 136,
						"r": 26
					},
					"region_attributes": {
						"shapes": "disc"
					}
				},
				{
					"shape_attributes": {
						"name": "ellipse",
						"cx": 442,
						"cy": 31,
						"rx": 12,
						"ry": 23.257,
						"theta": 0.476
					},
					"region_attributes": {
						"shapes": "fibril"
					}
				},
				{
					"shape_attributes": {
						"name": "circle",
						"cx": 151,
						"cy": 73,
						"r": 31.016
					},
					"region_attributes": {
						"shapes": "disc"
					}
				},
				{
					"shape_attributes": {
						"name": "ellipse",
						"cx": 94,
						"cy": 474,
						"rx": 21,
						"ry": 50,
						"theta": -0.644
					},
					"region_attributes": {
						"shapes": "fibril"
					}
				},
				{
					"shape_attributes": {
						"name": "circle",
						"cx": 72,
						"cy": 32,
						"r": 33
					},
					"region_attributes": {
						"shapes": "disc"
					}
				},
				{
					"shape_attributes": {
						"name": "circle",
						"cx": 304,
						"cy": 104,
						"r": 25
					},
					"region_attributes": {
						"shapes": "disc"
					}
				}
			],
			"file_attributes": {

			}
		},
		"20.jpg292474": {
			"filename": "20.jpg",
			"size": 292474,
			"regions": [{
					"shape_attributes": {
						"name": "ellipse",
						"cx": 150,
						"cy": 220,
						"rx": 13,
						"ry": 44.385,
						"theta": -2.749
					},
					"region_attributes": {
						"shapes": "fibril"
					}
				},
				{
					"shape_attributes": {
						"name": "ellipse",
						"cx": 229,
						"cy": 108,
						"rx": 12,
						"ry": 34.132,
						"theta": -0.088
					},
					"region_attributes": {
						"shapes": "fibril"
					}
				},
				{
					"shape_attributes": {
						"name": "ellipse",
						"cx": 100,
						"cy": 308,
						"rx": 13.601,
						"ry": 41,
						"theta": 0.298
					},
					"region_attributes": {
						"shapes": "fibril"
					}
				},
				{
					"shape_attributes": {
						"name": "ellipse",
						"cx": 14,
						"cy": 454,
						"rx": 13,
						"ry": 37.643,
						"theta": -0.297
					},
					"region_attributes": {
						"shapes": "fibril"
					}
				},
				{
					"shape_attributes": {
						"name": "ellipse",
						"cx": 314,
						"cy": 171,
						"rx": 12,
						"ry": 38,
						"theta": 0
					},
					"region_attributes": {
						"shapes": "fibril"
					}
				},
				{
					"shape_attributes": {
						"name": "ellipse",
						"cx": 489,
						"cy": 211,
						"rx": 15,
						"ry": 43.863,
						"theta": -0.423
					},
					"region_attributes": {
						"shapes": "fibril"
					}
				},
				{
					"shape_attributes": {
						"name": "ellipse",
						"cx": 413,
						"cy": 311,
						"rx": 14,
						"ry": 34.482,
						"theta": 0.516
					},
					"region_attributes": {
						"shapes": "fibril"
					}
				},
				{
					"shape_attributes": {
						"name": "ellipse",
						"cx": 393,
						"cy": 264,
						"rx": 37.336,
						"ry": 14,
						"theta": 0.134
					},
					"region_attributes": {
						"shapes": "fibril"
					}
				},
				{
					"shape_attributes": {
						"name": "ellipse",
						"cx": 308,
						"cy": 442,
						"rx": 17,
						"ry": 32.202,
						"theta": 2.692
					},
					"region_attributes": {
						"shapes": "fibril"
					}
				},
				{
					"shape_attributes": {
						"name": "ellipse",
						"cx": 127,
						"cy": 443,
						"rx": 13,
						"ry": 34.828,
						"theta": -0.684
					},
					"region_attributes": {
						"shapes": "fibril"
					}
				},
				{
					"shape_attributes": {
						"name": "ellipse",
						"cx": 241,
						"cy": 417,
						"rx": 11,
						"ry": 34.438,
						"theta": -0.451
					},
					"region_attributes": {
						"shapes": "fibril"
					}
				},
				{
					"shape_attributes": {
						"name": "circle",
						"cx": 198,
						"cy": 410,
						"r": 28
					},
					"region_attributes": {
						"shapes": "disc"
					}
				},
				{
					"shape_attributes": {
						"name": "circle",
						"cx": 442,
						"cy": 382,
						"r": 29
					},
					"region_attributes": {
						"shapes": "disc"
					}
				},
				{
					"shape_attributes": {
						"name": "ellipse",
						"cx": 274,
						"cy": 321,
						"rx": 42.45,
						"ry": 13,
						"theta": -2.879
					},
					"region_attributes": {
						"shapes": "fibril"
					}
				},
				{
					"shape_attributes": {
						"name": "ellipse",
						"cx": 408,
						"cy": 414,
						"rx": 14,
						"ry": 48.104,
						"theta": -0.815
					},
					"region_attributes": {
						"shapes": "fibril"
					}
				},
				{
					"shape_attributes": {
						"name": "circle",
						"cx": 217,
						"cy": 211,
						"r": 29.682
					},
					"region_attributes": {
						"shapes": "disc"
					}
				},
				{
					"shape_attributes": {
						"name": "circle",
						"cx": 284,
						"cy": 257,
						"r": 30.265
					},
					"region_attributes": {
						"shapes": "disc"
					}
				},
				{
					"shape_attributes": {
						"name": "ellipse",
						"cx": 332,
						"cy": 226,
						"rx": 14,
						"ry": 25.06,
						"theta": 0.499
					},
					"region_attributes": {
						"shapes": "fibril"
					}
				},
				{
					"shape_attributes": {
						"name": "circle",
						"cx": 353,
						"cy": 331,
						"r": 25
					},
					"region_attributes": {
						"shapes": "disc"
					}
				},
				{
					"shape_attributes": {
						"name": "ellipse",
						"cx": 400,
						"cy": 140,
						"rx": 17.333,
						"ry": 39.373,
						"theta": -0.494
					},
					"region_attributes": {
						"shapes": "fibril"
					}
				},
				{
					"shape_attributes": {
						"name": "circle",
						"cx": 35,
						"cy": 56,
						"r": 28
					},
					"region_attributes": {
						"shapes": "disc"
					}
				},
				{
					"shape_attributes": {
						"name": "ellipse",
						"cx": 96,
						"cy": 380,
						"rx": 48,
						"ry": 19,
						"theta": 0
					},
					"region_attributes": {
						"shapes": "fibril"
					}
				},
				{
					"shape_attributes": {
						"name": "circle",
						"cx": 196,
						"cy": 341,
						"r": 36
					},
					"region_attributes": {
						"shapes": "disc"
					}
				},
				{
					"shape_attributes": {
						"name": "ellipse",
						"cx": 13,
						"cy": 347,
						"rx": 11,
						"ry": 41,
						"theta": 0
					},
					"region_attributes": {
						"shapes": "fibril"
					}
				},
				{
					"shape_attributes": {
						"name": "ellipse",
						"cx": 496,
						"cy": 306,
						"rx": 15,
						"ry": 39,
						"theta": 0
					},
					"region_attributes": {
						"shapes": "fibril"
					}
				},
				{
					"shape_attributes": {
						"name": "circle",
						"cx": 409,
						"cy": 45,
						"r": 45
					},
					"region_attributes": {
						"shapes": "disc"
					}
				},
				{
					"shape_attributes": {
						"name": "ellipse",
						"cx": 86,
						"cy": 488,
						"rx": 36.417,
						"ry": 10.667,
						"theta": 0.415
					},
					"region_attributes": {
						"shapes": "fibril"
					}
				},
				{
					"shape_attributes": {
						"name": "ellipse",
						"cx": 269,
						"cy": 23,
						"rx": 12,
						"ry": 45.117,
						"theta": 0.975
					},
					"region_attributes": {
						"shapes": "fibril"
					}
				},
				{
					"shape_attributes": {
						"name": "circle",
						"cx": 36,
						"cy": 273,
						"r": 36
					},
					"region_attributes": {
						"shapes": "disc"
					}
				},
				{
					"shape_attributes": {
						"name": "circle",
						"cx": 320,
						"cy": 81,
						"r": 40
					},
					"region_attributes": {
						"shapes": "disc"
					}
				},
				{
					"shape_attributes": {
						"name": "circle",
						"cx": 82,
						"cy": 196,
						"r": 37
					},
					"region_attributes": {
						"shapes": "disc"
					}
				},
				{
					"shape_attributes": {
						"name": "circle",
						"cx": 186,
						"cy": 14,
						"r": 24
					},
					"region_attributes": {
						"shapes": "disc"
					}
				},
				{
					"shape_attributes": {
						"name": "ellipse",
						"cx": 393,
						"cy": 497,
						"rx": 39.215,
						"ry": 18.667,
						"theta": -0.311
					},
					"region_attributes": {
						"shapes": "fibril"
					}
				}
			],
			"file_attributes": {

			}
		}
	},
	"_via_attributes": {
		"region": {
			"shapes": {
				"type": "dropdown",
				"description": "",
				"options": {
					"fibril": "",
					"disc": ""
				},
				"default_options": {
					"fibril": true
				}
			}
		},
		"file": {

		}
	}
}